Name;Strength;Method;Tags;Created;added by;Examples
16-Bit;★★★;random seed;quality, style;September 27, 2022 5:12 PM;proxima centauri b;6
1950s suburbia;★★★;random seed;aesthetic, setting;August 29, 2022 4:11 PM;proxima centauri b;6
3d;★★★;random seed;style;August 28, 2022 9:40 PM;proxima centauri b;6
4k;★★☆;random seed;quality;August 28, 2022 6:10 PM;proxima centauri b;6
4k resolution;★★★;random seed;quality;August 28, 2022 6:15 PM;proxima centauri b;6
70s science fiction;★★☆;random seed;aesthetic, setting;August 30, 2022 12:25 PM;proxima centauri b;6
8k;★★★;random seed;quality;August 28, 2022 8:07 PM;proxima centauri b;6
acid colors;★★★;random seed;color, quality;October 9, 2022 12:52 PM;proxima centauri b;6
acrylic marbling art;★★★;random seed;medium, style;October 17, 2022 4:43 PM;proxima centauri b;6
acrylic pour;★★★;random seed;medium, style;October 17, 2022 2:41 PM;proxima centauri b;6
aerial photograph;★★★;random seed;photography, quality;September 19, 2022 3:00 PM;proxima centauri b;6
aesthetic;★★☆;same seed;quality;August 8, 2022 11:33 PM;proxima centauri b;6
Aestheticism;★★★;random seed;art movement, style;October 9, 2022 1:52 PM;proxima centauri b;6
airbrush;★★☆;random seed;quality;October 9, 2022 2:50 PM;proxima centauri b;6
album cover;★★☆;random seed;style;August 31, 2022 2:11 PM;proxima centauri b;6
alcohol ink;★★★;random seed;medium, style;October 17, 2022 2:32 PM;proxima centauri b;6
alien;★★★;random seed;pop culture, style;September 27, 2022 5:24 PM;proxima centauri b;6
ambient lighting;★★☆;random seed;light, quality;September 17, 2022 6:13 PM;proxima centauri b;6
Amiga 500 style;★★★;random seed;style;October 9, 2022 12:31 PM;proxima centauri b;6
anime;★★★;random seed;medium, style;August 31, 2022 2:14 PM;proxima centauri b;6
animecore;★★★;random seed;aesthetic;August 31, 2022 2:18 PM;proxima centauri b;6
apocalyptic;★★★;random seed;aesthetic, mood;October 17, 2022 2:01 PM;proxima centauri b;6
art brut;★★☆;random seed;art movement, style;September 2, 2022 2:22 PM;proxima centauri b;6
art deco;★★★;random seed;art movement, style;September 2, 2022 2:16 PM;proxima centauri b;6
art nouveau;★★☆;random seed;art movement, style;September 2, 2022 2:19 PM;proxima centauri b;6
Arte Povera;★☆☆;random seed;art movement, style;October 9, 2022 2:28 PM;proxima centauri b;6
artstation hq;★★★;random seed;style;August 28, 2022 9:46 PM;proxima centauri b;6
artwork;★☆☆;random seed;style;August 31, 2022 2:22 PM;proxima centauri b;6
Ashcan School painting;★☆☆;random seed;art movement, style;October 9, 2022 1:14 PM;proxima centauri b;6
Assemblage;★★☆;random seed;medium, style;October 9, 2022 2:35 PM;proxima centauri b;6
astrophotography;★★★;random seed;photography, style;September 2, 2022 2:25 PM;proxima centauri b;6
Atari 2600 style;★★★;random seed;style;October 9, 2022 1:18 PM;proxima centauri b;6
atmospheric;★☆☆;random seed;mood, quality;September 2, 2022 1:49 PM;proxima centauri b;6
atompunk;★★★;random seed;aesthetic;August 28, 2022 1:40 AM;proxima centauri b;6
autochrome;★★★;random seed;photography, style;October 17, 2022 5:48 PM;proxima centauri b;6
award-winning;★☆☆;random seed;quality;August 28, 2022 10:56 PM;proxima centauri b;6
backlight;★★★;random seed;light, quality;October 1, 2022 1:28 PM;proxima centauri b;6
baroque;★★★;random seed;art movement, setting, style;October 17, 2022 4:17 PM;proxima centauri b;6
Batik;★★☆;random seed;medium, style;October 9, 2022 2:38 PM;proxima centauri b;6
beatnik;★★★;random seed;aesthetic;August 28, 2022 11:44 PM;proxima centauri b;6
beautiful;★★☆;same seed;quality;August 7, 2022 10:10 PM;proxima centauri b;5
beautifully lit;★★★;random seed;light, quality;August 30, 2022 10:12 PM;proxima centauri b;6
behance;★★☆;random seed, same seed;style;August 8, 2022 12:26 AM;proxima centauri b;11
behance HD;★★★;random seed;style;August 30, 2022 10:15 PM;proxima centauri b;6
bioluminiscent;★★★;random seed;light, quality;September 1, 2022 3:21 PM;proxima centauri b;6
biomechanical;★★★;random seed;aesthetic, style;September 17, 2022 5:51 PM;proxima centauri b;6
biomorphic;★★☆;random seed;quality;September 19, 2022 4:42 PM;proxima centauri b;6
biophilic;★★☆;random seed;quality;September 2, 2022 2:07 PM;proxima centauri b;6
biopunk;★★★;random seed;aesthetic;August 30, 2022 6:46 PM;proxima centauri b;6
Blade Runner 2049;★★★;random seed;pop culture, style;August 30, 2022 10:23 PM;proxima centauri b;6
board game;★★★;random seed;medium, style;September 27, 2022 6:21 PM;proxima centauri b;6
bokeh;★★☆;random seed;perspective, photography, quality;August 30, 2022 10:49 PM;proxima centauri b;6
by GLaDOS;★☆☆;random seed;style;September 15, 2022 7:59 PM;proxima centauri b;6
candle light;★★★;random seed;light, quality;October 9, 2022 12:34 PM;proxima centauri b;6
cassette futurism;★★★;random seed;aesthetic;August 28, 2022 2:09 AM;proxima centauri b;6
Castlevania style;★★★;random seed;pop culture, style;October 17, 2022 2:26 PM;proxima centauri b;6
cgsociety;★★★;random seed, same seed;style;August 28, 2022 11:56 AM;proxima centauri b;8
chibi;★★★;random seed;style;September 27, 2022 5:45 PM;proxima centauri b;6
chillwave;★☆☆;random seed;aesthetic;September 2, 2022 4:17 PM;proxima centauri b;6
chromatic aberration;★★☆;random seed;color, photography, quality;September 2, 2022 4:20 PM;proxima centauri b;6
cityscape;★★★;random seed;setting, style;September 2, 2022 4:46 PM;proxima centauri b;6
claymation;★★★;random seed;medium, style;August 28, 2022 11:37 PM;proxima centauri b;6
clutter;★★☆;random seed;style;September 27, 2022 5:54 PM;proxima centauri b;6
CMYK;★★★;random seed;color, style;October 17, 2022 3:05 PM;proxima centauri b;6
color splash;★★☆;random seed;color, style;August 30, 2022 6:32 PM;proxima centauri b;6
coloring book style;★★★;random seed;medium, style;October 9, 2022 2:17 PM;proxima centauri b;6
comic;★★★;random seed;medium, style;October 1, 2022 1:24 PM;proxima centauri b;6
concept art;★★☆;random seed;style;August 28, 2022 9:59 PM;proxima centauri b;6
contest winner;★☆☆;random seed;quality;September 1, 2022 4:09 PM;proxima centauri b;6
contrasting colors;★☆☆;random seed;color, style;October 9, 2022 1:58 PM;proxima centauri b;6
cosmic horror;★★★;random seed, same seed;aesthetic;August 8, 2022 12:19 AM;proxima centauri b;10
cosmic nebulae;★★★;random seed;aesthetic, color;August 28, 2022 11:34 PM;proxima centauri b;6
CryEngine;★★★;random seed;style;August 28, 2022 5:50 PM;proxima centauri b;6
crystallized;★★☆;random seed;quality;September 19, 2022 3:11 PM;proxima centauri b;6
Cubo-Futurism;★★★;random seed;art movement, style;October 9, 2022 2:43 PM;proxima centauri b;6
cyanotype;★★★;random seed;medium, style;August 28, 2022 5:45 PM;proxima centauri b;6
cyberdelic;★★★;random seed;aesthetic, color;August 28, 2022 1:49 AM;proxima centauri b;6
cyberpop;★★☆;random seed;aesthetic;August 28, 2022 11:50 PM;proxima centauri b;6
cyberpunk;★★★;random seed;aesthetic;August 8, 2022 10:46 PM;proxima centauri b;6
cymatics;★★☆;random seed;style;September 15, 2022 7:56 PM;proxima centauri b;6
Dada collage;★★★;random seed;art movement, medium, style;October 9, 2022 2:30 PM;proxima centauri b;6
daguerrotype;★★★;random seed;medium, photography, style;September 27, 2022 5:15 PM;proxima centauri b;6
dark;★☆☆;random seed;mood, quality;September 8, 2022 1:46 AM;proxima centauri b;6
dark fine art;★★☆;random seed;style;September 8, 2022 1:54 AM;proxima centauri b;6
darkwave;★★☆;random seed;aesthetic;September 2, 2022 1:57 PM;proxima centauri b;6
DayGlo;★★★;random seed;color, style;August 30, 2022 9:56 PM;proxima centauri b;6
De Stijl;★★★;random seed;art movement, style;October 9, 2022 1:41 PM;proxima centauri b;6
deathpunk;★★★;random seed;aesthetic;August 30, 2022 6:35 PM;proxima centauri b;6
dehazed;★☆☆;random seed;photography, quality;August 30, 2022 1:55 PM;proxima centauri b;6
Demoscene;★☆☆;random seed;medium, style;October 9, 2022 2:46 PM;proxima centauri b;6
dense light rays;★★★;random seed;light, style;October 17, 2022 3:08 PM;proxima centauri b;6
Der Blaue;not recognized;random seed;style;October 9, 2022 1:48 PM;proxima centauri b;24
desaturated;★★★;random seed;color, quality;September 1, 2022 3:24 PM;proxima centauri b;6
deserted;★★☆;random seed;mood, setting;October 17, 2022 5:37 PM;proxima centauri b;6
desolate;★★☆;random seed;mood, setting;October 17, 2022 5:39 PM;proxima centauri b;6
deviantart;★☆☆;random seed;style;August 28, 2022 11:04 PM;proxima centauri b;6
digital art;★★☆;random seed;style;August 28, 2022 10:34 PM;proxima centauri b;6
digital collage;★★★;random seed;medium, style;October 9, 2022 2:33 PM;proxima centauri b;6
digital illustration;★★★;random seed;medium, style;August 28, 2022 10:51 PM;proxima centauri b;6
diorama;★★★;random seed, same seed;style;August 8, 2022 12:34 AM;proxima centauri b;11
DMT;★★☆;random seed;style;September 19, 2022 4:32 PM;proxima centauri b;6
doodle;★★☆;random seed;style;October 9, 2022 1:35 PM;proxima centauri b;6
Dota style;★★★;random seed;pop culture, style;October 17, 2022 1:58 PM;proxima centauri b;6
double exposure;★★☆;random seed;photography, quality;September 2, 2022 2:00 PM;proxima centauri b;6
Dreamworks;★★★;random seed;pop culture, style;August 30, 2022 10:04 PM;proxima centauri b;6
dripping colors;★★☆;random seed;color, style;September 19, 2022 1:38 PM;proxima centauri b;6
dynamic lighting;★★☆;random seed;light, quality;September 1, 2022 3:34 PM;proxima centauri b;6
dystopian;★★☆;random seed;quality;August 31, 2022 2:50 PM;proxima centauri b;6
Edwardian;★★☆;random seed;setting, style;October 9, 2022 1:49 PM;proxima centauri b;6
Egyptian mythology;★★☆;random seed;style;October 9, 2022 2:08 PM;proxima centauri b;6
eldritch;★★★;random seed;quality;September 19, 2022 3:26 PM;proxima centauri b;6
elegant;★☆☆;random seed;quality;September 2, 2022 10:57 PM;proxima centauri b;6
en plein air;★☆☆;random seed;medium, style;October 9, 2022 12:24 PM;proxima centauri b;6
Encaustic;★★☆;random seed;medium, style;October 9, 2022 1:26 PM;proxima centauri b;6
enlightenment;★☆☆;random seed;style;September 4, 2022 12:06 AM;proxima centauri b;6
etched metal;★★★;random seed;medium, style;October 17, 2022 2:37 PM;proxima centauri b;6
etched stone;★★★;random seed;medium, style;October 17, 2022 2:34 PM;proxima centauri b;6
ethereal;★★☆;random seed;aesthetic;August 28, 2022 9:52 PM;proxima centauri b;6
evil;★★★;random seed;mood, setting, style;October 17, 2022 2:08 PM;proxima centauri b;6
excited;★☆☆;random seed;mood;October 17, 2022 2:10 PM;proxima centauri b;6
eye strain;★★★;random seed;color, quality;September 2, 2022 10:50 PM;proxima centauri b;6
fantasy;★★☆;random seed;aesthetic, style;October 17, 2022 4:01 PM;proxima centauri b;6
fashion editorial;★★☆;random seed;medium, photography, style;September 2, 2022 11:39 AM;proxima centauri b;6
fauvism;★★★;random seed;aesthetic, art movement;August 29, 2022 4:30 PM;proxima centauri b;6
fearful;★☆☆;random seed;mood;October 17, 2022 2:13 PM;proxima centauri b;6
feline;★☆☆;random seed;quality;September 2, 2022 2:11 PM;proxima centauri b;6
ferrofluid;★★★;random seed;style;September 15, 2022 10:09 PM;proxima centauri b;6
fine art;★☆☆;random seed;style;August 28, 2022 10:43 PM;proxima centauri b;6
fineartamerica;★☆☆;random seed;style;September 19, 2022 3:15 PM;proxima centauri b;6
fluo colors;★★★;random seed;color, quality;October 9, 2022 12:57 PM;proxima centauri b;6
foreboding;★★☆;random seed;mood, quality;September 2, 2022 11:25 PM;proxima centauri b;6
fractal;★★☆;random seed;style;September 17, 2022 6:17 PM;proxima centauri b;6
funk art;★★★;random seed;aesthetic, art movement;August 30, 2022 6:12 PM;proxima centauri b;6
furry;★☆☆;random seed;quality, style;October 17, 2022 3:03 PM;proxima centauri b;6
futuresynth;★☆☆;random seed;aesthetic;August 30, 2022 10:00 PM;proxima centauri b;6
Futurism;★★★;random seed;art movement, style;October 9, 2022 12:41 PM;proxima centauri b;6
futuristic;★★☆;random seed;aesthetic;August 30, 2022 10:08 PM;proxima centauri b;6
glamour shot;★★☆;random seed;photography, style;October 9, 2022 12:27 PM;proxima centauri b;6
glass;★★☆;random seed;quality;September 8, 2022 7:30 PM;proxima centauri b;6
glitch art;★★★;random seed;aesthetic;August 29, 2022 9:24 AM;proxima centauri b;6
glitchcore;★★★;random seed;aesthetic;August 29, 2022 3:35 PM;proxima centauri b;6
glow in the dark;★★★;random seed;color, light, style;August 30, 2022 6:03 PM;proxima centauri b;6
glowwave;★★★;random seed;aesthetic, light;August 29, 2022 3:40 PM;proxima centauri b;6
gold leaf;★★☆;random seed;color, style;August 30, 2022 5:59 PM;proxima centauri b;6
golden hour;★★★;random seed;color, light, photography, quality;August 30, 2022 1:58 PM;proxima centauri b;6
goth;★★★;random seed;aesthetic;August 29, 2022 3:59 PM;proxima centauri b;6
gothic;★★★;random seed;aesthetic, art movement;August 29, 2022 4:02 PM;proxima centauri b;6
gouache painting;★★★;random seed;medium, style;August 28, 2022 7:55 PM;proxima centauri b;6
hallucinogenic;★★☆;random seed;quality;September 19, 2022 4:35 PM;proxima centauri b;6
haze filter;★★★;random seed;photography, style;August 30, 2022 1:51 PM;proxima centauri b;6
hi-fructose;★★☆;random seed;style;September 17, 2022 6:21 PM;proxima centauri b;6
high chroma;★☆☆;random seed;color, quality;September 1, 2022 4:21 PM;proxima centauri b;6
high contrast;★★☆;random seed;color, quality, style;October 17, 2022 5:35 PM;proxima centauri b;6
high speed liquid photography;★★★;random seed;photography, style;August 30, 2022 1:41 PM;proxima centauri b;6
holographic;★★★;random seed;aesthetic, color, light;August 30, 2022 1:33 PM;proxima centauri b;6
holography;★★★;random seed;aesthetic, color, light;August 30, 2022 1:36 PM;proxima centauri b;6
horror;★★☆;random seed;mood, style;September 27, 2022 5:40 PM;proxima centauri b;6
HQ;★★☆;random seed;quality;August 28, 2022 6:23 PM;proxima centauri b;6
hyper detailed;★★★;random seed;quality;August 28, 2022 8:04 PM;proxima centauri b;6
hyperpop;★☆☆;random seed;aesthetic;August 29, 2022 3:29 PM;proxima centauri b;6
hypnotic;not recognized;random seed;mood;October 17, 2022 2:04 PM;proxima centauri b;24
hypomorphic;not recognized;random seed;quality;September 19, 2022 3:29 PM;proxima centauri b;24
infectious;★☆☆;random seed;mood, quality;September 19, 2022 3:03 PM;proxima centauri b;6
infrared;★★★;random seed;color, photography, style;August 30, 2022 6:20 PM;proxima centauri b;6
International Typographic Style;★☆☆;random seed;style;October 9, 2022 2:41 PM;proxima centauri b;6
Interstellar;★★★;random seed;pop culture, style;August 30, 2022 6:25 PM;proxima centauri b;6
intricate;★☆☆;random seed;quality;August 31, 2022 3:31 PM;proxima centauri b;6
intricate artwork;★★☆;random seed;quality;August 31, 2022 3:27 PM;proxima centauri b;6
iridescence;★★★;random seed;color, light, quality;October 9, 2022 2:21 PM;proxima centauri b;6
isometric;★★★;random seed, same seed;medium, style;August 8, 2022 12:03 AM;proxima centauri b;10
isotype;★★★;random seed;medium, style;August 28, 2022 11:30 PM;proxima centauri b;6
kaleidoscopic;★★★;random seed;color, quality;September 1, 2022 4:18 PM;proxima centauri b;6
kawaii;★★☆;random seed;aesthetic;August 28, 2022 5:26 PM;proxima centauri b;6
Lego model;★★★;random seed;pop culture, style;October 17, 2022 3:56 PM;proxima centauri b;6
lighting;★★★;random seed;light, quality;September 17, 2022 6:24 PM;proxima centauri b;6
lineart;★★★;random seed;style;August 29, 2022 2:52 PM;proxima centauri b;6
linocut;★★★;random seed;medium, style;August 31, 2022 2:59 PM;proxima centauri b;6
liquid ink;★★☆;random seed;medium, style;October 17, 2022 4:49 PM;proxima centauri b;6
lomo effect;★★☆;random seed;photography, quality;September 19, 2022 4:40 PM;proxima centauri b;6
lomography;★★★;random seed;style;August 29, 2022 2:58 PM;proxima centauri b;6
long exposure;★★★;random seed;photography, quality;September 2, 2022 5:17 PM;proxima centauri b;6
low contrast;★★☆;random seed;color, quality, style;October 17, 2022 5:33 PM;proxima centauri b;6
low poly;★★★;random seed;medium, style;August 29, 2022 3:02 PM;proxima centauri b;6
LSD;★☆☆;random seed;style;October 17, 2022 4:29 PM;proxima centauri b;6
lunarpunk;★★★;random seed;aesthetic;August 8, 2022 11:20 PM;proxima centauri b;6
macabre;★★☆;random seed;mood, quality;September 8, 2022 1:43 AM;proxima centauri b;6
macabre fine art;★★☆;random seed;style;September 8, 2022 1:50 AM;proxima centauri b;6
Macchiaioli;★★★;random seed;art movement, style;September 27, 2022 5:57 PM;proxima centauri b;6
marbling;★★☆;random seed;color, quality, style;October 17, 2022 4:40 PM;proxima centauri b;6
massurrealism;★☆☆;random seed;art movement, style;September 8, 2022 1:25 AM;proxima centauri b;6
masterpiece;★★☆;random seed;quality;August 28, 2022 6:26 PM;proxima centauri b;6
matte painting;★★★;random seed;medium, style;September 2, 2022 2:03 PM;proxima centauri b;6
messy;★☆☆;random seed;quality;October 17, 2022 4:07 PM;proxima centauri b;6
metallic;★☆☆;random seed;color, quality;September 2, 2022 11:28 AM;proxima centauri b;6
microscopic;★☆☆;random seed;quality;September 3, 2022 11:53 PM;proxima centauri b;6
minecraftcore;★★★;random seed;aesthetic, pop culture, style;September 19, 2022 3:35 PM;proxima centauri b;6
minimalism;★★★;random seed;aesthetic;August 29, 2022 10:34 AM;proxima centauri b;6
MOBA style;★★★;random seed;pop culture, style;October 17, 2022 3:58 PM;proxima centauri b;6
monochromatic;★★★;random seed;color, quality;October 9, 2022 12:20 PM;proxima centauri b;6
moody lighting;★★★;random seed;light, quality;August 30, 2022 1:26 PM;proxima centauri b;6
morbid fine art;★☆☆;random seed;style;September 8, 2022 1:38 AM;proxima centauri b;6
Mughal painting;★★★;random seed;art movement, style;October 9, 2022 2:05 PM;proxima centauri b;6
multiracial;★★☆;random seed;quality;September 27, 2022 6:09 PM;proxima centauri b;6
mummified;★★☆;random seed;style;October 17, 2022 2:06 PM;proxima centauri b;6
naive;★★☆;random seed;art movement, style;October 9, 2022 1:31 PM;proxima centauri b;6
Native American mythology;★☆☆;random seed;style;October 9, 2022 2:01 PM;proxima centauri b;6
nebulous;★☆☆;random seed;quality;September 19, 2022 3:24 PM;proxima centauri b;6
neon;★★★;random seed;light, style;September 17, 2022 5:56 PM;proxima centauri b;6
neon pastel;★★★;random seed;color, light, style;October 17, 2022 4:04 PM;proxima centauri b;6
NES style;★★★;random seed;style;October 9, 2022 1:21 PM;proxima centauri b;6
normcore;★★☆;random seed;aesthetic;August 29, 2022 10:31 AM;proxima centauri b;6
Nvidia RTX;★★★;random seed;quality;September 17, 2022 5:44 PM;proxima centauri b;6
octane;★★★;random seed;style;August 28, 2022 10:22 PM;proxima centauri b;6
oil on canvas;★★★;random seed;medium, style;August 28, 2022 6:32 PM;proxima centauri b;6
oily;★☆☆;random seed;quality;September 27, 2022 5:43 PM;proxima centauri b;6
Op art;★★☆;random seed;art movement, perspective, style;October 17, 2022 3:27 PM;proxima centauri b;6
optical art;★★☆;random seed;art movement, perspective, style;October 17, 2022 3:29 PM;proxima centauri b;6
ornate;★★☆;random seed;quality, style;October 17, 2022 2:30 PM;proxima centauri b;6
overgrown;★★★;random seed;quality, setting;September 1, 2022 4:16 PM;proxima centauri b;6
Pantone;★★★;random seed;style;August 30, 2022 1:21 PM;proxima centauri b;6
papercraft;★★★;random seed;medium, style;August 30, 2022 1:16 PM;proxima centauri b;6
paranormalpunk;★★★;random seed;aesthetic;August 30, 2022 1:11 PM;proxima centauri b;6
patchwork;★★☆;random seed;medium, style;October 17, 2022 2:54 PM;proxima centauri b;6
Pattachitra;★★☆;random seed;medium, style;October 9, 2022 2:13 PM;proxima centauri b;6
petroglyph;★★★;random seed;medium, style;October 17, 2022 2:49 PM;proxima centauri b;6
photorealistic;★☆☆;random seed;quality;October 17, 2022 4:09 PM;proxima centauri b;6
pixel art;★★★;random seed;medium, style;August 29, 2022 3:20 PM;proxima centauri b;6
pixiecore;not recognized;random seed;aesthetic;September 9, 2022 11:35 PM;proxima centauri b;24
pixiv;★★★;random seed;style;August 28, 2022 10:59 PM;proxima centauri b;6
Pointillisme;★★★;random seed;art movement, style;October 9, 2022 12:37 PM;proxima centauri b;6
polarized light;★☆☆;random seed;light, photography, quality;October 9, 2022 1:03 PM;proxima centauri b;6
polygonal;★★★;random seed;quality, style;October 17, 2022 4:36 PM;proxima centauri b;6
poster;★☆☆;random seed;medium, style;August 31, 2022 3:05 PM;proxima centauri b;6
powerful;★★☆;random seed;quality;August 31, 2022 3:09 PM;proxima centauri b;6
pre-raphaelite;★★★;random seed;aesthetic, art movement;August 29, 2022 4:17 PM;proxima centauri b;6
primary colors;★★★;random seed;color, quality;October 9, 2022 12:48 PM;proxima centauri b;6
prismatic;★★☆;random seed;color, quality;September 1, 2022 3:57 PM;proxima centauri b;6
propaganda poster;★★★;random seed;medium, style;September 1, 2022 3:37 PM;proxima centauri b;6
psilocybin;★☆☆;random seed;style;October 17, 2022 5:29 PM;proxima centauri b;6
psychedelic;★★★;random seed;aesthetic;August 29, 2022 9:14 AM;proxima centauri b;6
radiant;★☆☆;random seed;light, quality;September 4, 2022 12:02 AM;proxima centauri b;6
Rajasthani painting;★★☆;random seed;art movement, style;October 17, 2022 3:54 PM;proxima centauri b;6
ray tracing;★★★;random seed;quality;August 28, 2022 8:12 PM;proxima centauri b;6
refraction;★★☆;random seed;light, quality;September 10, 2022 6:14 PM;proxima centauri b;6
Renaissance;★★★;random seed;art movement, style;October 9, 2022 12:44 PM;proxima centauri b;6
rendered in octane;★★★;random seed;style;August 28, 2022 10:06 PM;proxima centauri b;6
rendered with Blender;★★★;random seed;quality, style;October 17, 2022 2:38 PM;proxima centauri b;6
retro-futurism;★★★;random seed;aesthetic;August 29, 2022 9:19 AM;proxima centauri b;6
retrowave;★★★;random seed;aesthetic;August 29, 2022 9:27 AM;proxima centauri b;6
risograph;★★★;random seed;medium, style;August 29, 2022 3:24 PM;proxima centauri b;6
robloxcore;★★★;random seed;aesthetic, pop culture, style;September 19, 2022 4:02 PM;proxima centauri b;6
RTX;★★☆;random seed;quality;September 17, 2022 5:46 PM;proxima centauri b;6
sand painting;★★☆;random seed;medium, style;October 9, 2022 1:23 PM;proxima centauri b;6
sci-fi;★★★;random seed;aesthetic;August 30, 2022 1:05 PM;proxima centauri b;6
science fiction;★★★;random seed;aesthetic;August 30, 2022 12:31 PM;proxima centauri b;6
scrapbooking;★★★;random seed;medium, style;October 17, 2022 2:52 PM;proxima centauri b;6
seapunk;★★★;random seed;aesthetic;August 8, 2022 10:56 PM;proxima centauri b;6
sepia;★★★;random seed;color, photography, quality;October 9, 2022 1:00 PM;proxima centauri b;6
serious;★☆☆;random seed;mood;October 17, 2022 2:17 PM;proxima centauri b;6
sfumato;★☆☆;random seed;quality, style;September 2, 2022 11:11 PM;proxima centauri b;6
sharp focus;★☆☆;random seed;photography, quality;September 15, 2022 7:52 PM;proxima centauri b;6
shot on Nikon D750;★★★;random seed;photography, quality;September 19, 2022 4:37 PM;proxima centauri b;6
sketch;★★☆;random seed;medium, style;October 9, 2022 1:39 PM;proxima centauri b;6
soft grunge;★★★;random seed;aesthetic;August 29, 2022 3:49 PM;proxima centauri b;6
soft shaded;★★☆;random seed;light, quality;September 1, 2022 4:02 PM;proxima centauri b;6
solarpunk;★★★;random seed;aesthetic;August 8, 2022 11:12 PM;proxima centauri b;6
southern gothic;★★★;random seed;aesthetic;August 29, 2022 9:38 AM;proxima centauri b;6
soviet poster;★★★;random seed;aesthetic, medium;August 30, 2022 12:18 PM;proxima centauri b;6
sovietwave;★★★;random seed;aesthetic;August 29, 2022 9:35 AM;proxima centauri b;6
sparklecore;★★☆;random seed;aesthetic;August 30, 2022 6:16 PM;proxima centauri b;6
splash art;★★★;random seed;medium, quality, style;October 17, 2022 5:43 PM;proxima centauri b;6
spooky;★★☆;random seed;style;September 27, 2022 5:27 PM;proxima centauri b;6
stained glass;★★★;random seed;medium, style;August 30, 2022 12:15 PM;proxima centauri b;6
steampunk;★★★;random seed;aesthetic;August 8, 2022 10:38 PM;proxima centauri b;6
sticker;★★☆;random seed;medium, style;October 9, 2022 1:45 PM;proxima centauri b;6
Stranger Things;★★★;random seed;pop culture;September 27, 2022 6:00 PM;proxima centauri b;6
stunning;★★☆;random seed, same seed;quality;September 10, 2022 6:18 PM;proxima centauri b;6
super wide angle;★★☆;random seed;perspective, photography, quality;August 30, 2022 12:04 PM;proxima centauri b;6
Tanjore;★★☆;random seed;setting;October 9, 2022 2:15 PM;proxima centauri b;6
Tarot card;★★☆;random seed;medium, style;October 9, 2022 1:55 PM;proxima centauri b;6
tenebrism;★☆☆;random seed;light, style;September 2, 2022 11:06 PM;proxima centauri b;6
thangka;★★★;random seed;style;August 30, 2022 12:00 PM;proxima centauri b;6
tilt-shift;★★★;random seed;perspective, photography, quality;August 29, 2022 9:30 AM;proxima centauri b;6
tonalism;★★★;random seed;art movement, style;August 30, 2022 11:56 AM;proxima centauri b;6
trending on artstation;★★★;random seed, same seed;style;August 8, 2022 12:12 AM;proxima centauri b;10
trippy;★★★;random seed;aesthetic;August 29, 2022 9:21 AM;proxima centauri b;6
ukiyo-e;★★★;random seed;style;August 29, 2022 3:54 PM;proxima centauri b;6
underwater photography;★★★;random seed;photography, style;August 30, 2022 11:51 AM;proxima centauri b;6
unicorncore;★★★;random seed;aesthetic;August 29, 2022 9:41 AM;proxima centauri b;6
unimaginable beauty;★★☆;random seed;quality;September 19, 2022 3:31 PM;proxima centauri b;6
unreal engine;★★★;random seed;style;August 28, 2022 10:02 PM;proxima centauri b;6
Unsplash;★★☆;random seed;photography, style;September 2, 2022 11:35 AM;proxima centauri b;6
Unsplash contest winner;★★☆;random seed;photography, style;September 2, 2022 11:43 AM;proxima centauri b;6
vaporwave;★★★;random seed;aesthetic;August 29, 2022 9:33 AM;proxima centauri b;6
vector art;★★★;random seed;medium, style;August 29, 2022 10:37 AM;proxima centauri b;6
velvia;★★★;random seed;photography, style;August 30, 2022 11:39 AM;proxima centauri b;6
vibrant color scheme;★★★;random seed;color, quality;September 2, 2022 5:01 PM;proxima centauri b;6
vintage illustration;★★★;random seed;style;September 17, 2022 6:27 PM;proxima centauri b;6
voidpunk;★★★;random seed;aesthetic;August 29, 2022 9:44 AM;proxima centauri b;6
volumetric lighting;★★★;random seed;light, quality;September 17, 2022 6:10 PM;proxima centauri b;6
voxel art;★★★;random seed;medium, style;August 29, 2022 10:42 AM;proxima centauri b;6
watercolor;★★★;random seed;medium, style;October 9, 2022 1:29 PM;proxima centauri b;6
weirdcore;★★☆;random seed;aesthetic;September 2, 2022 11:32 AM;proxima centauri b;6
witchcore;★★★;random seed;aesthetic;August 29, 2022 4:08 PM;proxima centauri b;6
woodblock;★★★;random seed;medium, style;September 2, 2022 4:53 PM;proxima centauri b;6
woodblock print;★★★;random seed;medium, style;September 2, 2022 4:56 PM;proxima centauri b;6
x-ray photography;★★★;random seed;aesthetic, medium, photography;August 28, 2022 11:24 PM;proxima centauri b;6